{
"lengthUnit": "mil",
"remark": [],
"components": {
	"fields": ["COMPONENT_NO", "COMPONENT_NAME", "LAYER", "X_COORDINATE", "Y_COORDINATE", "ANGLE"],
	"rows": [
		[1, "C3", "T", 560, 670, 0],
		[2, "C4", "T", 1325, 1110, 0],
		[3, "C5", "T", 990, 955, 180],
		[4, "ESP32", "T", 2240, 775, 270],
		[5, "I2C", "T", 880, 375, 0],
		[6, "Micro-SD", "T", 1460, 665, 0],
		[7, "R1", "T", 550, 890, 180],
		[8, "R2", "T", 555, 780, 180],
		[9, "R3", "T", 824.32, 1010, 180],
		[10, "R4", "T", 985, 1050, 180],
		[11, "U1", "T", 845, 785, 180],
		[12, "UART", "T", 855, 1195, 0],
		[13, "USB", "T", 315, 785, 270],
		[14, "PAD1", "T", 587.56, 670, 0],
		[15, "PAD2", "T", 532.44, 670, 0],
		[16, "PAD3", "T", 1352.56, 1110, 0],
		[17, "PAD4", "T", 1297.44, 1110, 0],
		[18, "PAD5", "T", 962.44, 955, 0],
		[19, "PAD6", "T", 1312.365, 962.245, 0],
		[20, "PAD7", "T", 1355.665, 962.245, 0],
		[21, "PAD8", "T", 1398.975, 962.245, 0],
		[22, "PAD9", "T", 1442.285, 962.245, 0],
		[23, "PAD10", "T", 1485.595, 962.245, 0],
		[24, "PAD11", "T", 1528.895, 962.245, 0],
		[25, "PAD12", "T", 2592.957, 1117.514, 0],
		[26, "PAD13", "T", 2542.957, 1117.514, 0],
		[27, "PAD14", "T", 2492.957, 1117.514, 0],
		[28, "PAD15", "T", 1887.043, 1000, 0],
		[29, "PAD16", "T", 1942.957, 432.486, 0],
		[30, "PAD17", "T", 2042.957, 432.486, 0],
		[31, "PAD18", "T", 2092.957, 432.486, 0],
		[32, "PAD19", "T", 2142.957, 432.486, 0],
		[33, "PAD20", "T", 2192.957, 432.486, 0],
		[34, "PAD21", "T", 2242.957, 432.486, 0],
		[35, "PAD22", "T", 2342.957, 432.486, 0],
		[36, "PAD23", "T", 2492.957, 432.486, 0],
		[37, "PAD24", "T", 2542.957, 432.486, 0],
		[38, "PAD25", "T", 2592.957, 432.486, 0],
		[39, "PAD26", "T", 2295.987, 815.04, 0],
		[40, "PAD27", "T", 520.34, 890, 0],
		[41, "PAD28", "T", 579.66, 890, 0],
		[42, "PAD29", "T", 525.34, 780, 0],
		[43, "PAD30", "T", 584.66, 780, 0],
		[44, "PAD31", "T", 794.66, 1010, 0],
		[45, "PAD32", "T", 853.98, 1010, 0],
		[46, "PAD33", "T", 955.34, 1050, 0],
		[47, "PAD34", "T", 1014.66, 1050, 0],
		[48, "PAD35", "T", 394.725, 891.295, 0],
		[49, "PAD36", "T", 394.725, 844.055, 0],
		[50, "PAD37", "T", 394.725, 804.685, 0],
		[51, "PAD38", "T", 394.725, 765.315, 0],
		[52, "PAD39", "T", 394.725, 725.945, 0],
		[53, "PAD40", "T", 394.725, 678.705, 0],
		[54, "PAD41", "T", 728.073, 875.55, 0],
		[55, "PAD42", "T", 728.073, 785, 0],
		[56, "PAD43", "T", 728.073, 694.45, 0],
		[57, "PAD44", "T", 961.928, 785, 0],
		[58, "PAD45", "T", 705, 1195, 0],
		[59, "PAD45", "B", 705, 1195, 0],
		[60, "PAD46", "T", 805, 1195, 0],
		[61, "PAD46", "B", 805, 1195, 0],
		[62, "PAD47", "T", 905, 1195, 0],
		[63, "PAD47", "B", 905, 1195, 0],
		[64, "PAD48", "T", 1005, 1195, 0],
		[65, "PAD48", "B", 1005, 1195, 0],
		[66, "PAD49", "T", 730, 375, 0],
		[67, "PAD49", "B", 730, 375, 0],
		[68, "PAD50", "T", 830, 375, 0],
		[69, "PAD50", "B", 830, 375, 0],
		[70, "PAD51", "T", 930, 375, 0],
		[71, "PAD51", "B", 930, 375, 0],
		[72, "PAD52", "T", 1030, 375, 0],
		[73, "PAD52", "B", 1030, 375, 0]
	]
},
"pins": {
	"fields": ["PIN_NO", "PIN_NAME", "PIN_X", "PIN_Y", "LAYER", "PIN_TYPE", "NET_NAME", "NET_TYPE", "PAD_SHAPE", "PAD_SIZEX", "PAD_SIZEY", "HOLE_SIZE", "HOLE_LEN", "PAD_ANGLE"],
	"rows": [
		[1, "C3_1", 532.44, 670, "T", "SMD", "+5V", "", "R", 31.496, 35.433, 0, 0, 0],
		[2, "C3_2", 587.56, 670, "T", "SMD", "$1N1058", "", "R", 31.496, 35.433, 0, 0, 0],
		[3, "C4_1", 1297.44, 1110, "T", "SMD", "GND", "GND", "R", 31.496, 35.433, 0, 0, 0],
		[4, "C4_2", 1352.56, 1110, "T", "SMD", "$1N1636", "", "R", 31.496, 35.433, 0, 0, 0],
		[5, "C5_1", 1017.56, 955, "T", "SMD", "NET_1", "", "R", 31.496, 35.433, 0, 0, 180],
		[6, "C5_2", 962.44, 955, "T", "SMD", "+3.3V", "", "R", 31.496, 35.433, 0, 0, 180],
		[7, "ESP32_1", 2592.957, 1117.514, "T", "SMD", "GND", "GND", "R", 94.488, 35.433, 0, 0, 270],
		[8, "ESP32_2", 2542.957, 1117.514, "T", "SMD", "+3.3V", "", "R", 94.488, 35.433, 0, 0, 270],
		[9, "ESP32_3", 2492.957, 1117.514, "T", "SMD", "$1N1353", "", "R", 94.488, 35.433, 0, 0, 270],
		[10, "ESP32_4", 2442.957, 1117.514, "T", "SMD", "NET_2", "", "R", 94.488, 35.433, 0, 0, 270],
		[11, "ESP32_5", 2392.957, 1117.514, "T", "SMD", "NET_3", "", "R", 94.488, 35.433, 0, 0, 270],
		[12, "ESP32_6", 2342.957, 1117.514, "T", "SMD", "NET_4", "", "R", 94.488, 35.433, 0, 0, 270],
		[13, "ESP32_7", 2292.957, 1117.514, "T", "SMD", "NET_5", "", "R", 94.488, 35.433, 0, 0, 270],
		[14, "ESP32_8", 2242.957, 1117.514, "T", "SMD", "NET_6", "", "R", 94.488, 35.433, 0, 0, 270],
		[15, "ESP32_9", 2192.957, 1117.514, "T", "SMD", "NET_7", "", "R", 94.488, 35.433, 0, 0, 270],
		[16, "ESP32_10", 2142.957, 1117.514, "T", "SMD", "NET_8", "", "R", 94.488, 35.433, 0, 0, 270],
		[17, "ESP32_11", 2092.957, 1117.514, "T", "SMD", "NET_9", "", "R", 94.488, 35.433, 0, 0, 270],
		[18, "ESP32_12", 2042.957, 1117.514, "T", "SMD", "NET_10", "", "R", 94.488, 35.433, 0, 0, 270],
		[19, "ESP32_13", 1992.957, 1117.514, "T", "SMD", "NET_11", "", "R", 94.488, 35.433, 0, 0, 270],
		[20, "ESP32_14", 1942.957, 1117.514, "T", "SMD", "NET_12", "", "R", 94.488, 35.433, 0, 0, 270],
		[21, "ESP32_15", 1887.043, 1000, "T", "SMD", "GND", "GND", "R", 94.488, 35.433, 0, 0, 180],
		[22, "ESP32_16", 1887.043, 950, "T", "SMD", "NET_13", "", "R", 94.488, 35.433, 0, 0, 180],
		[23, "ESP32_17", 1887.043, 900, "T", "SMD", "NET_14", "", "R", 94.488, 35.433, 0, 0, 180],
		[24, "ESP32_18", 1887.043, 850, "T", "SMD", "NET_15", "", "R", 94.488, 35.433, 0, 0, 180],
		[25, "ESP32_19", 1887.043, 800, "T", "SMD", "NET_16", "", "R", 94.488, 35.433, 0, 0, 180],
		[26, "ESP32_20", 1887.053, 750, "T", "SMD", "NET_17", "", "R", 94.488, 35.433, 0, 0, 180],
		[27, "ESP32_21", 1887.053, 700, "T", "SMD", "NET_18", "", "R", 94.488, 35.433, 0, 0, 180],
		[28, "ESP32_22", 1887.053, 650, "T", "SMD", "NET_19", "", "R", 94.488, 35.433, 0, 0, 180],
		[29, "ESP32_23", 1887.053, 600, "T", "SMD", "NET_20", "", "R", 94.488, 35.433, 0, 0, 180],
		[30, "ESP32_24", 1887.053, 550, "T", "SMD", "NET_21", "", "R", 94.488, 35.433, 0, 0, 180],
		[31, "ESP32_25", 1942.957, 432.486, "T", "SMD", "$1N1481", "", "R", 94.488, 35.433, 0, 0, 270],
		[32, "ESP32_26", 1992.957, 432.486, "T", "SMD", "NET_22", "", "R", 94.488, 35.433, 0, 0, 270],
		[33, "ESP32_27", 2042.957, 432.486, "T", "SMD", "IO16", "", "R", 94.488, 35.433, 0, 0, 270],
		[34, "ESP32_28", 2092.957, 432.486, "T", "SMD", "IO17", "", "R", 94.488, 35.433, 0, 0, 270],
		[35, "ESP32_29", 2142.957, 432.486, "T", "SMD", "IO5", "", "R", 94.488, 35.433, 0, 0, 270],
		[36, "ESP32_30", 2192.957, 432.486, "T", "SMD", "IO18", "", "R", 94.488, 35.433, 0, 0, 270],
		[37, "ESP32_31", 2242.957, 432.486, "T", "SMD", "IO19", "", "R", 94.488, 35.433, 0, 0, 270],
		[38, "ESP32_32", 2292.957, 432.486, "T", "SMD", "NET_23", "", "R", 94.488, 35.433, 0, 0, 270],
		[39, "ESP32_33", 2342.957, 432.486, "T", "SMD", "IO21", "", "R", 94.488, 35.433, 0, 0, 270],
		[40, "ESP32_34", 2392.957, 432.486, "T", "SMD", "NET_24", "", "R", 94.488, 35.433, 0, 0, 270],
		[41, "ESP32_35", 2442.957, 432.486, "T", "SMD", "NET_25", "", "R", 94.488, 35.433, 0, 0, 270],
		[42, "ESP32_36", 2492.957, 432.486, "T", "SMD", "IO22", "", "R", 94.488, 35.433, 0, 0, 270],
		[43, "ESP32_37", 2542.957, 432.486, "T", "SMD", "IO23", "", "R", 94.488, 35.433, 0, 0, 270],
		[44, "ESP32_38", 2592.957, 432.486, "T", "SMD", "GND", "GND", "R", 94.488, 35.433, 0, 0, 270],
		[45, "ESP32_39", 2295.987, 815.04, "T", "SMD", "GND", "GND", "R", 196.85, 196.85, 0, 0, 270],
		[46, "I2C_1", 730, 375, "T", "DIP", "+3.3V", "", "R", 66.929, 66.929, 43.308, 43.308, 0],
		[47, "I2C_1", 730, 375, "B", "DIP", "+3.3V", "", "R", 66.929, 66.929, 43.308, 43.308, 0],
		[48, "I2C_2", 830, 375, "T", "DIP", "IO16", "", "C", 66.929, 66.929, 43.308, 43.308, 0],
		[49, "I2C_2", 830, 375, "B", "DIP", "IO16", "", "C", 66.929, 66.929, 43.308, 43.308, 0],
		[50, "I2C_3", 930, 375, "T", "DIP", "IO17", "", "C", 66.929, 66.929, 43.308, 43.308, 0],
		[51, "I2C_3", 930, 375, "B", "DIP", "IO17", "", "C", 66.929, 66.929, 43.308, 43.308, 0],
		[52, "I2C_4", 1030, 375, "T", "DIP", "GND", "GND", "C", 66.929, 66.929, 43.308, 43.308, 0],
		[53, "I2C_4", 1030, 375, "B", "DIP", "GND", "GND", "C", 66.929, 66.929, 43.308, 43.308, 0],
		[54, "Micro-SD_1", 1572.205, 962.245, "T", "SMD", "NET_26", "", "R", 27.559, 47.244, 0, 0, 0],
		[55, "Micro-SD_2", 1528.895, 962.245, "T", "SMD", "IO5", "", "R", 27.559, 47.244, 0, 0, 0],
		[56, "Micro-SD_3", 1485.595, 962.245, "T", "SMD", "IO23", "", "R", 27.559, 47.244, 0, 0, 0],
		[57, "Micro-SD_4", 1442.285, 962.245, "T", "SMD", "+3.3V", "", "R", 27.559, 47.244, 0, 0, 0],
		[58, "Micro-SD_5", 1398.975, 962.245, "T", "SMD", "IO18", "", "R", 27.559, 47.244, 0, 0, 0],
		[59, "Micro-SD_6", 1355.665, 962.245, "T", "SMD", "$1N1636", "", "R", 27.559, 47.244, 0, 0, 0],
		[60, "Micro-SD_7", 1312.365, 962.245, "T", "SMD", "IO19", "", "R", 27.559, 47.244, 0, 0, 0],
		[61, "Micro-SD_8", 1269.055, 962.245, "T", "SMD", "NET_27", "", "R", 27.559, 47.244, 0, 0, 0],
		[62, "Micro-SD_9", 1231.655, 962.245, "T", "SMD", "NET_28", "", "R", 27.559, 47.244, 0, 0, 0],
		[63, "Micro-SD_10", 1194.255, 792.955, "T", "SMD", "NET_29", "", "R", 39.37, 47.244, 0, 0, 0],
		[64, "Micro-SD_11", 1194.255, 548.855, "T", "SMD", "NET_30", "", "R", 39.37, 31.496, 0, 0, 0],
		[65, "Micro-SD_12", 1194.255, 385.475, "T", "SMD", "NET_31", "", "R", 39.37, 110.236, 0, 0, 0],
		[66, "Micro-SD_13", 1725.745, 367.755, "T", "SMD", "NET_32", "", "R", 51.181, 74.803, 0, 0, 0],
		[67, "Micro-SD_14", 1633.225, 962.245, "T", "SMD", "NET_33", "", "R", 39.37, 47.244, 0, 0, 0],
		[68, "R1_1", 579.66, 890, "T", "SMD", "GND", "GND", "R", 31.751, 34.016, 0, 0, 180],
		[69, "R1_2", 520.34, 890, "T", "SMD", "$1N1044", "", "R", 31.751, 34.016, 0, 0, 180],
		[70, "R2_1", 584.66, 780, "T", "SMD", "GND", "GND", "R", 31.751, 34.016, 0, 0, 180],
		[71, "R2_2", 525.34, 780, "T", "SMD", "$1N1054", "", "R", 31.751, 34.016, 0, 0, 180],
		[72, "R3_1", 853.98, 1010, "T", "SMD", "+3.3V", "", "R", 31.751, 34.016, 0, 0, 180],
		[73, "R3_2", 794.66, 1010, "T", "SMD", "$1N1353", "", "R", 31.751, 34.016, 0, 0, 180],
		[74, "R4_1", 1014.66, 1050, "T", "SMD", "$1N1481", "", "R", 31.751, 34.016, 0, 0, 180],
		[75, "R4_2", 955.34, 1050, "T", "SMD", "+3.3V", "", "R", 31.751, 34.016, 0, 0, 180],
		[76, "U1_1", 728.073, 875.55, "T", "SMD", "GND", "GND", "R", 98.425, 43.307, 0, 0, 180],
		[77, "U1_2", 728.073, 785, "T", "SMD", "+3.3V", "", "R", 98.425, 43.307, 0, 0, 180],
		[78, "U1_3", 728.073, 694.45, "T", "SMD", "$1N1058", "", "R", 98.425, 43.307, 0, 0, 180],
		[79, "U1_4", 961.928, 785, "T", "SMD", "+3.3V", "", "R", 92.126, 141.732, 0, 0, 180],
		[80, "UART_1", 705, 1195, "T", "DIP", "+3.3V", "", "R", 66.929, 66.929, 43.308, 43.308, 0],
		[81, "UART_1", 705, 1195, "B", "DIP", "+3.3V", "", "R", 66.929, 66.929, 43.308, 43.308, 0],
		[82, "UART_2", 805, 1195, "T", "DIP", "GND", "GND", "C", 66.929, 66.929, 43.308, 43.308, 0],
		[83, "UART_2", 805, 1195, "B", "DIP", "GND", "GND", "C", 66.929, 66.929, 43.308, 43.308, 0],
		[84, "UART_3", 905, 1195, "T", "DIP", "IO21", "", "C", 66.929, 66.929, 43.308, 43.308, 0],
		[85, "UART_3", 905, 1195, "B", "DIP", "IO21", "", "C", 66.929, 66.929, 43.308, 43.308, 0],
		[86, "UART_4", 1005, 1195, "T", "DIP", "IO22", "", "C", 66.929, 66.929, 43.308, 43.308, 0],
		[87, "UART_4", 1005, 1195, "B", "DIP", "IO22", "", "C", 66.929, 66.929, 43.308, 43.308, 0],
		[88, "USB_7", 235.275, 614.925, "T", "DIP", "NET_34", "", "O", 43.307, 74.803, 27.56, 59.056, 270],
		[89, "USB_7", 235.275, 614.925, "B", "DIP", "NET_34", "", "O", 43.307, 74.803, 27.56, 59.056, 270],
		[90, "USB_7", 235.275, 955.075, "T", "DIP", "NET_35", "", "O", 43.307, 74.803, 27.56, 59.056, 270],
		[91, "USB_7", 235.275, 955.075, "B", "DIP", "NET_35", "", "O", 43.307, 74.803, 27.56, 59.056, 270],
		[92, "USB_7", 384.885, 614.925, "T", "DIP", "NET_36", "", "O", 43.307, 74.803, 27.56, 59.056, 270],
		[93, "USB_7", 384.885, 614.925, "B", "DIP", "NET_36", "", "O", 43.307, 74.803, 27.56, 59.056, 270],
		[94, "USB_7", 384.885, 955.075, "T", "DIP", "NET_37", "", "O", 43.307, 74.803, 27.56, 59.056, 270],
		[95, "USB_7", 384.885, 955.075, "B", "DIP", "NET_37", "", "O", 43.307, 74.803, 27.56, 59.056, 270],
		[96, "USB_A12", 394.725, 678.705, "T", "SMD", "GND", "GND", "R", 31.496, 47.244, 0, 0, 270],
		[97, "USB_A5", 394.725, 804.685, "T", "SMD", "$1N1044", "", "R", 27.559, 47.244, 0, 0, 270],
		[98, "USB_A9", 394.725, 725.945, "T", "SMD", "+5V", "", "R", 27.559, 47.244, 0, 0, 270],
		[99, "USB_B12", 394.725, 891.295, "T", "SMD", "GND", "GND", "R", 31.496, 47.244, 0, 0, 270],
		[100, "USB_B5", 394.725, 765.315, "T", "SMD", "$1N1054", "", "R", 27.559, 47.244, 0, 0, 270],
		[101, "USB_B9", 394.725, 844.055, "T", "SMD", "+5V", "", "R", 27.559, 47.244, 0, 0, 270],
		[102, "PAD1_2", 587.56, 670, "T", "SMD", "$1N1058", "", "R", 31.496, 35.433, 0, 0, 0],
		[103, "PAD2_1", 532.44, 670, "T", "SMD", "+5V", "", "R", 31.496, 35.433, 0, 0, 0],
		[104, "PAD3_2", 1352.56, 1110, "T", "SMD", "$1N1636", "", "R", 31.496, 35.433, 0, 0, 0],
		[105, "PAD4_1", 1297.44, 1110, "T", "SMD", "GND", "GND", "R", 31.496, 35.433, 0, 0, 0],
		[106, "PAD5_2", 962.44, 955, "T", "SMD", "+3.3V", "", "R", 31.496, 35.433, 0, 0, 180],
		[107, "PAD6_7", 1312.365, 962.245, "T", "SMD", "IO19", "", "R", 27.559, 47.244, 0, 0, 0],
		[108, "PAD7_6", 1355.665, 962.245, "T", "SMD", "$1N1636", "", "R", 27.559, 47.244, 0, 0, 0],
		[109, "PAD8_5", 1398.975, 962.245, "T", "SMD", "IO18", "", "R", 27.559, 47.244, 0, 0, 0],
		[110, "PAD9_4", 1442.285, 962.245, "T", "SMD", "+3.3V", "", "R", 27.559, 47.244, 0, 0, 0],
		[111, "PAD10_3", 1485.595, 962.245, "T", "SMD", "IO23", "", "R", 27.559, 47.244, 0, 0, 0],
		[112, "PAD11_2", 1528.895, 962.245, "T", "SMD", "IO5", "", "R", 27.559, 47.244, 0, 0, 0],
		[113, "PAD12_1", 2592.957, 1117.514, "T", "SMD", "GND", "GND", "R", 94.488, 35.433, 0, 0, 270],
		[114, "PAD13_2", 2542.957, 1117.514, "T", "SMD", "+3.3V", "", "R", 94.488, 35.433, 0, 0, 270],
		[115, "PAD14_3", 2492.957, 1117.514, "T", "SMD", "$1N1353", "", "R", 94.488, 35.433, 0, 0, 270],
		[116, "PAD15_15", 1887.043, 1000, "T", "SMD", "GND", "GND", "R", 94.488, 35.433, 0, 0, 180],
		[117, "PAD16_25", 1942.957, 432.486, "T", "SMD", "$1N1481", "", "R", 94.488, 35.433, 0, 0, 270],
		[118, "PAD17_27", 2042.957, 432.486, "T", "SMD", "IO16", "", "R", 94.488, 35.433, 0, 0, 270],
		[119, "PAD18_28", 2092.957, 432.486, "T", "SMD", "IO17", "", "R", 94.488, 35.433, 0, 0, 270],
		[120, "PAD19_29", 2142.957, 432.486, "T", "SMD", "IO5", "", "R", 94.488, 35.433, 0, 0, 270],
		[121, "PAD20_30", 2192.957, 432.486, "T", "SMD", "IO18", "", "R", 94.488, 35.433, 0, 0, 270],
		[122, "PAD21_31", 2242.957, 432.486, "T", "SMD", "IO19", "", "R", 94.488, 35.433, 0, 0, 270],
		[123, "PAD22_33", 2342.957, 432.486, "T", "SMD", "IO21", "", "R", 94.488, 35.433, 0, 0, 270],
		[124, "PAD23_36", 2492.957, 432.486, "T", "SMD", "IO22", "", "R", 94.488, 35.433, 0, 0, 270],
		[125, "PAD24_37", 2542.957, 432.486, "T", "SMD", "IO23", "", "R", 94.488, 35.433, 0, 0, 270],
		[126, "PAD25_38", 2592.957, 432.486, "T", "SMD", "GND", "GND", "R", 94.488, 35.433, 0, 0, 270],
		[127, "PAD26_39", 2295.987, 815.04, "T", "SMD", "GND", "GND", "R", 196.85, 196.85, 0, 0, 270],
		[128, "PAD27_2", 520.34, 890, "T", "SMD", "$1N1044", "", "R", 31.751, 34.016, 0, 0, 180],
		[129, "PAD28_1", 579.66, 890, "T", "SMD", "GND", "GND", "R", 31.751, 34.016, 0, 0, 180],
		[130, "PAD29_2", 525.34, 780, "T", "SMD", "$1N1054", "", "R", 31.751, 34.016, 0, 0, 180],
		[131, "PAD30_1", 584.66, 780, "T", "SMD", "GND", "GND", "R", 31.751, 34.016, 0, 0, 180],
		[132, "PAD31_2", 794.66, 1010, "T", "SMD", "$1N1353", "", "R", 31.751, 34.016, 0, 0, 180],
		[133, "PAD32_1", 853.98, 1010, "T", "SMD", "+3.3V", "", "R", 31.751, 34.016, 0, 0, 180],
		[134, "PAD33_2", 955.34, 1050, "T", "SMD", "+3.3V", "", "R", 31.751, 34.016, 0, 0, 180],
		[135, "PAD34_1", 1014.66, 1050, "T", "SMD", "$1N1481", "", "R", 31.751, 34.016, 0, 0, 180],
		[136, "PAD35_B12", 394.725, 891.295, "T", "SMD", "GND", "GND", "R", 31.496, 47.244, 0, 0, 270],
		[137, "PAD36_B9", 394.725, 844.055, "T", "SMD", "+5V", "", "R", 27.559, 47.244, 0, 0, 270],
		[138, "PAD37_A5", 394.725, 804.685, "T", "SMD", "$1N1044", "", "R", 27.559, 47.244, 0, 0, 270],
		[139, "PAD38_B5", 394.725, 765.315, "T", "SMD", "$1N1054", "", "R", 27.559, 47.244, 0, 0, 270],
		[140, "PAD39_A9", 394.725, 725.945, "T", "SMD", "+5V", "", "R", 27.559, 47.244, 0, 0, 270],
		[141, "PAD40_A12", 394.725, 678.705, "T", "SMD", "GND", "GND", "R", 31.496, 47.244, 0, 0, 270],
		[142, "PAD41_1", 728.073, 875.55, "T", "SMD", "GND", "GND", "R", 98.425, 43.307, 0, 0, 180],
		[143, "PAD42_2", 728.073, 785, "T", "SMD", "+3.3V", "", "R", 98.425, 43.307, 0, 0, 180],
		[144, "PAD43_3", 728.073, 694.45, "T", "SMD", "$1N1058", "", "R", 98.425, 43.307, 0, 0, 180],
		[145, "PAD44_4", 961.928, 785, "T", "SMD", "+3.3V", "", "R", 92.126, 141.732, 0, 0, 180],
		[146, "PAD45_1", 705, 1195, "T", "DIP", "+3.3V", "", "R", 66.929, 66.929, 43.308, 43.308, 0],
		[147, "PAD45_1", 705, 1195, "B", "DIP", "+3.3V", "", "R", 66.929, 66.929, 43.308, 43.308, 0],
		[148, "PAD46_2", 805, 1195, "T", "DIP", "GND", "GND", "C", 66.929, 66.929, 43.308, 43.308, 0],
		[149, "PAD46_2", 805, 1195, "B", "DIP", "GND", "GND", "C", 66.929, 66.929, 43.308, 43.308, 0],
		[150, "PAD47_3", 905, 1195, "T", "DIP", "IO21", "", "C", 66.929, 66.929, 43.308, 43.308, 0],
		[151, "PAD47_3", 905, 1195, "B", "DIP", "IO21", "", "C", 66.929, 66.929, 43.308, 43.308, 0],
		[152, "PAD48_4", 1005, 1195, "T", "DIP", "IO22", "", "C", 66.929, 66.929, 43.308, 43.308, 0],
		[153, "PAD48_4", 1005, 1195, "B", "DIP", "IO22", "", "C", 66.929, 66.929, 43.308, 43.308, 0],
		[154, "PAD49_1", 730, 375, "T", "DIP", "+3.3V", "", "R", 66.929, 66.929, 43.308, 43.308, 0],
		[155, "PAD49_1", 730, 375, "B", "DIP", "+3.3V", "", "R", 66.929, 66.929, 43.308, 43.308, 0],
		[156, "PAD50_2", 830, 375, "T", "DIP", "IO16", "", "C", 66.929, 66.929, 43.308, 43.308, 0],
		[157, "PAD50_2", 830, 375, "B", "DIP", "IO16", "", "C", 66.929, 66.929, 43.308, 43.308, 0],
		[158, "PAD51_3", 930, 375, "T", "DIP", "IO17", "", "C", 66.929, 66.929, 43.308, 43.308, 0],
		[159, "PAD51_3", 930, 375, "B", "DIP", "IO17", "", "C", 66.929, 66.929, 43.308, 43.308, 0],
		[160, "PAD52_4", 1030, 375, "T", "DIP", "GND", "GND", "C", 66.929, 66.929, 43.308, 43.308, 0],
		[161, "PAD52_4", 1030, 375, "B", "DIP", "GND", "GND", "C", 66.929, 66.929, 43.308, 43.308, 0]
	]
}
}